# NF E22-141 (Chinese translation) dimension tables, OCR-extracted from docin images
# source dir: /home/ysdirector/桌面/OCSM/review/花键标准资料  files docin_1748884112_pNN.png  (round 1: p01-p20)
# grid tables: p18 拉削内花键(外径定心) [source p18L/p18R], p20 尺寸表 m=0.50~1.25.
# p17 is a stepped selection chart and was not transcribed.
# OCR: tesseract 5.x; grid painted white; numeric cells eng legacy (--oem 0) 6x psm7,
#   whitelist 0-9,.-; doubtful cells re-OCR (legacy+LSTM) and kept in flags.
# printed decimal separator read as "." on these pages; comma readings normalised+flagged.
# checks (mark-only): p20 d=m*z, dB=d*cos20, s=m(pi/2+2x*tan20),
#   sB=m*cos20*(pi/2+z*inv20+2x*tan20), A=d+2xm+0.4m, col4=A-2.4m,
#   col12=A-2.694m, R=0.3m, Ri=0.528m, h=0.1m; p18 D=A-2m. Violations are flagged.
# header OCR this run:
#  p18: L.0.50:N@155,D@230 | R.2.50:N@1043,D@1119 | L.0.75:N@305,D@381 | R.3.75:N@1194,D@1269 | L.1.0:N@477,D@553 | R.5.00:N@1371,D@1446 | L.1.25:N@628,D@703 | R.7.50:N@1521,D@1597 | L.1.667:N@793,D@868 | R.10.00:N@1672,D@1750
#  p20: m | 公称 直径 A | N | ARIA B | 变位 x | 分度圆直径 20°  时 D’ | d | 分度圆 GA JF e 9 | 基圆弧 hi JF e | SME AE 圆角半径 CFA  R | SME ATE 圆角半径 CI A HRD  R, | 齿根圆直径 〈圆齿根) B， | 外人花键齿 项倒角高 h | 内花键槽底 圆角半径 〈《平根齿 )  r
# --- round 2 addendum (p21-p36 sweep, 2026-09-21) ---
# p21 = 尺寸表 m=1.667~3.75, 49 rows, source p21; p22 = 尺寸表 m=5.00~10.00, 56 rows, source p22.
# The 105 round-2 rows below share the same 14-column schema.  p18/p20 rows are unchanged from round 1.
# p23-p27/p29/p31-p33/p35 are 检查尺寸/公差值/配合 tables with a different column schema; they are
#   catalogued in NF-E22-141_页清单.md but not merged into this CSV.  p28/p30/p34 are text/figure pages.
# p36 has no image in the docin scan (files p01-p35 only).
# round-2 recheck candidates are recorded in flags only; readable cells are never overwritten.
# --- cleanup for assets (2026-09-21): unquoted commas in flags re-quoted; p18 rows padded to 19 columns.
#   data values unchanged (OCR fixes live in code: NF_OCR_FIXES).
page,table_no,source,m,公称直径A,齿数N,齿根圆直径D(拉削内花键),齿根圆直径(外花键/平齿根),变位系数x,分度圆直径d(20°时),基圆直径dB,分度圆弧齿厚s,基圆弧齿厚sB,外花键齿根圆角半径(平齿根),外花键齿根圆角半径(圆齿根),齿根圆直径(圆齿根),外花键齿顶倒角高度,内花键槽底圆角半径(平根齿),flags
18,拉削内花键(外径定心),p18L,0.50,4,6,3,,,,,,,,,,,,
18,拉削内花键(外径定心),p18R,2.50,20,6,15,,,,,,,,,,,,
18,拉削内花键(外径定心),p18L,0.50,5,8,4,,,,,,,,,,,,
18,拉削内花键(外径定心),p18R,2.50,25,8,20,,,,,,,,,,,,
18,拉削内花键(外径定心),p18L,0.50,6,10,5,,,,,,,,,,,,
18,拉削内花键(外径定心),p18L,0.75,6,6,4.5,,,,,,,,,,,,
18,拉削内花键(外径定心),p18R,2.50,30,10,25,,,,,,,,,,,,
18,拉削内花键(外径定心),p18R,3.75,30,6,22.5,,,,,,,,,,,,
18,拉削内花键(外径定心),p18L,0.50,7,12,6,,,,,,,,,,,,
18,拉削内花键(外径定心),p18L,0.75,7,7,5.5,,,,,,,,,,,,
18,拉削内花键(外径定心),p18R,2.50,35,12,30,,,,,,,,,,,,
18,拉削内花键(外径定心),p18R,3.75,35,7,27.5,,,,,,,,,,,,
18,拉削内花键(外径定心),p18L,0.50,8,14,7,,,,,,,,,,,,
18,拉削内花键(外径定心),p18L,0.75,8,9,6.5,,,,,,,,,,,,
18,拉削内花键(外径定心),p18L,1.0,8,6,6,,,,,,,,,,,,
18,拉削内花键(外径定心),p18R,2.50,40,14,35,,,,,,,,,,,,
18,拉削内花键(外径定心),p18R,3.75,40,9,32.5,,,,,,,,,,,,
18,拉削内花键(外径定心),p18R,5.00,40,6,30,,,,,,,,,,,,
18,拉削内花键(外径定心),p18L,0.50,9,16,8,,,,,,,,,,,,
18,拉削内花键(外径定心),p18L,0.75,9,10,7.5,,,,,,,,,,,,
18,拉削内花键(外径定心),p18L,1.0,9,7,7,,,,,,,,,,,,
18,拉削内花键(外径定心),p18R,2.50,45,16,40,,,,,,,,,,,,
18,拉削内花键(外径定心),p18R,3.75,45,10,37.5,,,,,,,,,,,,
18,拉削内花键(外径定心),p18R,5.00,45,7,35,,,,,,,,,,,,
18,拉削内花键(外径定心),p18L,0.50,10,18,9,,,,,,,,,,,,
18,拉削内花键(外径定心),p18L,0.75,10,11,8.5,,,,,,,,,,,,
18,拉削内花键(外径定心),p18L,1.0,10,8,8,,,,,,,,,,,,
18,拉削内花键(外径定心),p18L,1.25,10,6,7.5,,,,,,,,,,,,
18,拉削内花键(外径定心),p18R,2.50,50,18,45,,,,,,,,,,,,
18,拉削内花键(外径定心),p18R,3.75,50,11,42.5,,,,,,,,,,,,
18,拉削内花键(外径定心),p18R,5.00,50,8,40,,,,,,,,,,,,
18,拉削内花键(外径定心),p18L,0.50,12,22,11,,,,,,,,,,,,
18,拉削内花键(外径定心),p18L,0.75,12,14,10.5,,,,,,,,,,,,
18,拉削内花键(外径定心),p18L,1.0,12,10,10,,,,,,,,,,,,
18,拉削内花键(外径定心),p18L,1.25,12,8,9.5,,,,,,,,,,,,
18,拉削内花键(外径定心),p18R,2.50,55,20,50,,,,,,,,,,,,
18,拉削内花键(外径定心),p18R,3.75,55,13,47.5,,,,,,,,,,,,
18,拉削内花键(外径定心),p18R,5.00,55,9,45,,,,,,,,,,,,
18,拉削内花键(外径定心),p18L,0.50,15,28,14,,,,,,,,,,,,
18,拉削内花键(外径定心),p18L,0.75,15,18,13.5,,,,,,,,,,,,
18,拉削内花键(外径定心),p18L,1.0,15,13,13,,,,,,,,,,,,
18,拉削内花键(外径定心),p18L,1.25,15,10,12.5,,,,,,,,,,,,
18,拉削内花键(外径定心),p18L,1.667,15,7,11.7,,,,,,,,,,,,
18,拉削内花键(外径定心),p18R,2.50,60,22,55,,,,,,,,,,,,
18,拉削内花键(外径定心),p18R,3.75,60,14,52.5,,,,,,,,,,,,
18,拉削内花键(外径定心),p18R,5.00,60,10,50,,,,,,,,,,,,
18,拉削内花键(外径定心),p18L,0.75,17,21,15.5,,,,,,,,,,,,
18,拉削内花键(外径定心),p18L,1.0,17,15,15,,,,,,,,,,,,
18,拉削内花键(外径定心),p18L,1.25,17,12,14.5,,,,,,,,,,,,
18,拉削内花键(外径定心),p18L,1.667,17,8,13.7,,,,,,,,,,,,
18,拉削内花键(外径定心),p18R,2.50,65,24,60,,,,,,,,,,,,
18,拉削内花键(外径定心),p18R,3.75,65,15,57.5,,,,,,,,,,,,
18,拉削内花键(外径定心),p18R,5.00,65,11,55,,,,,,,,,,,,
18,拉削内花键(外径定心),p18L,0.75,20,25,18.5,,,,,,,,,,,,
18,拉削内花键(外径定心),p18L,1.0,20,18,18,,,,,,,,,,,,
18,拉削内花键(外径定心),p18L,1.25,20,14,17.5,,,,,,,,,,,,
18,拉削内花键(外径定心),p18L,1.667,20,10,16.7,,,,,,,,,,,,
18,拉削内花键(外径定心),p18R,2.50,70,26,65,,,,,,,,,,,,
18,拉削内花键(外径定心),p18R,3.75,70,17,62.5,,,,,,,,,,,,
18,拉削内花键(外径定心),p18R,5.00,70,12,60,,,,,,,,,,,,
18,拉削内花键(外径定心),p18L,1.0,25,23,23,,,,,,,,,,,,
18,拉削内花键(外径定心),p18L,1.25,25,18,22.5,,,,,,,,,,,,
18,拉削内花键(外径定心),p18L,1.667,25,13,21.7,,,,,,,,,,,,
18,拉削内花键(外径定心),p18R,2.50,75,28,70,,,,,,,,,,,,
18,拉削内花键(外径定心),p18R,3.75,75,18,67.5,,,,,,,,,,,,
18,拉削内花键(外径定心),p18R,5.00,75,13,65,,,,,,,,,,,,
18,拉削内花键(外径定心),p18L,1.0,30,28,28,,,,,,,,,,,,
18,拉削内花键(外径定心),p18L,1.25,30,22,27.5,,,,,,,,,,,,
18,拉削内花键(外径定心),p18L,1.667,30,16,26.7,,,,,,,,,,,,
18,拉削内花键(外径定心),p18R,2.50,80,30,75,,,,,,,,,,,,
18,拉削内花键(外径定心),p18R,3.75,80,19,72.5,,,,,,,,,,,,
18,拉削内花键(外径定心),p18R,5.00,80,14,70,,,,,,,,,,,,
18,拉削内花键(外径定心),p18L,1.0,35,33,33,,,,,,,,,,,,
18,拉削内花键(外径定心),p18L,1.25,35,26,32.5,,,,,,,,,,,,
18,拉削内花键(外径定心),p18L,1.667,35,19,31.7,,,,,,,,,,,,
18,拉削内花键(外径定心),p18R,2.50,85,32,80,,,,,,,,,,,,
18,拉削内花键(外径定心),p18R,3.75,85,21,77.5,,,,,,,,,,,,
18,拉削内花键(外径定心),p18R,5.00,85,15,75,,,,,,,,,,,,
18,拉削内花键(外径定心),p18L,1.25,40,30,37.5,,,,,,,,,,,,
18,拉削内花键(外径定心),p18L,1.667,40,22,36.7,,,,,,,,,,,,
18,拉削内花键(外径定心),p18R,2.50,90,34,85,,,,,,,,,,,,
18,拉削内花键(外径定心),p18R,3.75,90,22,82.5,,,,,,,,,,,,
18,拉削内花键(外径定心),p18R,5.00,90,16,80,,,,,,,,,,,,
18,拉削内花键(外径定心),p18L,1.25,45,34,42.5,,,,,,,,,,,,
18,拉削内花键(外径定心),p18L,1.667,45,25,41.7,,,,,,,,,,,,
18,拉削内花键(外径定心),p18R,2.50,95,36,90,,,,,,,,,,,,
18,拉削内花键(外径定心),p18R,3.75,95,23,87.5,,,,,,,,,,,,
18,拉削内花键(外径定心),p18R,5.00,95,17,85,,,,,,,,,,,,
18,拉削内花键(外径定心),p18L,1.25,50,38,47.5,,,,,,,,,,,,
18,拉削内花键(外径定心),p18L,1.667,50,28,46.7,,,,,,,,,,,,
18,拉削内花键(外径定心),p18R,2.50,100,38,95,,,,,,,,,,,,
18,拉削内花键(外径定心),p18R,3.75,100,25,92.5,,,,,,,,,,,,
18,拉削内花键(外径定心),p18R,5.00,100,18,90,,,,,,,,,,,,
18,拉削内花键(外径定心),p18L,1.667,55,31,51.7,,,,,,,,,,,,
18,拉削内花键(外径定心),p18R,3.75,105,26,97.5,,,,,,,,,,,,
18,拉削内花键(外径定心),p18R,5.00,105,19,95,,,,,,,,,,,,
18,拉削内花键(外径定心),p18L,1.667,60,34,56.7,,,,,,,,,,,,
18,拉削内花键(外径定心),p18R,3.75,110,27,102.5,,,,,,,,,,,,
18,拉削内花键(外径定心),p18R,5.00,110,20,100,,,,,,,,,,,,
18,拉削内花键(外径定心),p18R,7.50,110,13,95,,,,,,,,,,,,
18,拉削内花键(外径定心),p18R,3.75,120,30,112.5,,,,,,,,,,,,
18,拉削内花键(外径定心),p18R,5.00,120,22,110,,,,,,,,,,,,
18,拉削内花键(外径定心),p18R,7.50,120,14,105,,,,,,,,,,,,
18,拉削内花键(外径定心),p18R,3.75,130,33,132.5,,,,,,,,,,,,row:D!=A-2m(132.5 vs 122.5)
18,拉削内花键(外径定心),p18R,5.00,130,24,120,,,,,,,,,,,,
18,拉削内花键(外径定心),p18R,7.50,130,15,115,,,,,,,,,,,,
18,拉削内花键(外径定心),p18R,3.75,140,35,142.5,,,,,,,,,,,,row:D!=A-2m(142.5 vs 132.5)
18,拉削内花键(外径定心),p18R,5.00,140,26,130,,,,,,,,,,,,
18,拉削内花键(外径定心),p18R,7.50,140,17,125,,,,,,,,,,,,
18,拉削内花键(外径定心),p18R,10.00,140,12,120,,,,,,,,,,,,
18,拉削内花键(外径定心),p18R,3.75,150,38,,,,,,,,,,,,,
18,拉削内花键(外径定心),p18R,5.00,150,28,140,,,,,,,,,,,,
18,拉削内花键(外径定心),p18R,7.50,150,18,135,,,,,,,,,,,,
18,拉削内花键(外径定心),p18R,10.00,150,13,130,,,,,,,,,,,,
18,拉削内花键(外径定心),p18R,5.00,160,30,150,,,,,,,,,,,,
18,拉削内花键(外径定心),p18R,7.50,160,19,145,,,,,,,,,,,,
18,拉削内花键(外径定心),p18R,10.00,160,14,140,,,,,,,,,,,,
18,拉削内花键(外径定心),p18R,5.00,170,32,160,,,,,,,,,,,,
18,拉削内花键(外径定心),p18R,7.50,170,21,155,,,,,,,,,,,,
18,拉削内花键(外径定心),p18R,10.00,170,15,150,,,,,,,,,,,,
18,拉削内花键(外径定心),p18R,5.00,180,34,170,,,,,,,,,,,,
18,拉削内花键(外径定心),p18R,7.50,180,22,165,,,,,,,,,,,,
18,拉削内花键(外径定心),p18R,10.00,180,16,160,,,,,,,,,,,,
18,拉削内花键(外径定心),p18R,5.00,190,36,180,,,,,,,,,,,,
18,拉削内花键(外径定心),p18R,7.50,190,23,175,,,,,,,,,,,,
18,拉削内花键(外径定心),p18R,10.00,190,17,170,,,,,,,,,,,,
18,拉削内花键(外径定心),p18R,5.00,200,38,190,,,,,,,,,,,,
18,拉削内花键(外径定心),p18R,7.50,200,25,185,,,,,,,,,,,,
18,拉削内花键(外径定心),p18R,10.00,200,18,180,,,,,,,,,,,,
18,拉削内花键(外径定心),p18R,7.50,220,27,205,,,,,,,,,,,,
18,拉削内花键(外径定心),p18R,10.00,220,20,200,,,,,,,,,,,,
18,拉削内花键(外径定心),p18R,7.50,240,30,225,,,,,,,,,,,,
18,拉削内花键(外径定心),p18R,10.00,240,22,220,,,,,,,,,,,,
18,拉削内花键(外径定心),p18R,7.50,260,33,245,,,,,,,,,,,,
18,拉削内花键(外径定心),p18R,10.00,260,24,240,,,,,,,,,,,,
18,拉削内花键(外径定心),p18R,7.50,280,35,265,,,,,,,,,,,,
18,拉削内花键(外径定心),p18R,10.00,280,26,260,,,,,,,,,,,,
18,拉削内花键(外径定心),p18R,7.50,300,38,285,,,,,,,,,,,,
18,拉削内花键(外径定心),p18R,10.00,300,28,280,,,,,,,,,,,,
18,拉削内花键(外径定心),p18R,10.00,320,30,300,,,,,,,,,,,,
18,拉削内花键(外径定心),p18R,10.00,340,32,320,,,,,,,,,,,,
18,拉削内花键(外径定心),p18R,10.00,360,34,340,,,,,,,,,,,,
18,拉削内花键(外径定心),p18R,10.00,380,36,360,,,,,,,,,,,,
18,拉削内花键(外径定心),p18R,10.00,400,38,380,,,,,,,,,,,,
20,尺寸表(m=0.50~1.25),p20,0.50,4,6,,2.8,0.800,3,2.819,1.077,1.054,0.150,0.264,2.653,0.1,0.324,cell:变位系数x:merged_rows0..8; cell:分度圆弧齿厚s:merged_rows0..8; cell:外花键齿根圆角半径(平齿根):merged_rows0..8; cell:外花键齿根圆角半径(圆齿根):merged_rows0..8; cell:外花键齿顶倒角高度:merged_rows0..8
20,尺寸表(m=0.50~1.25),p20,0.50,5,8,,3.8,0.800,4,3.759,1.077,1.068,0.150,0.264,3.653,0.1,0.279,
20,尺寸表(m=0.50~1.25),p20,0.50,6,10,,4.8,0.800,5,4.698,1.077,1.082,0.150,0.264,4.653,0.1,0.253,
20,尺寸表(m=0.50~1.25),p20,0.50,7,12,,5.8,0.800,6,5.638,1.077,1.096,0.150,0.264,5.653,0.1,0.236,
20,尺寸表(m=0.50~1.25),p20,0.50,8,14,,6.8,0.800,7,6.578,1.077,1.110,0.150,0.264,6.653,0.1,0.224,
20,尺寸表(m=0.50~1.25),p20,0.50,9,16,,7.8,0.800,8,7.518,1.077,1.124,0.150,0.264,7.653,0.1,0.215,
20,尺寸表(m=0.50~1.25),p20,0.50,10,18,,8.8,0.800,9,6.457,1.077,1.138,0.150,0.264,8.653,0.1,0.208,row:dB!=d*cos20(6.457 vs 8.457)
20,尺寸表(m=0.50~1.25),p20,0.50,12,22,,10.8,0.800,11,10.337,1.077,1.166,0.150,0.264,10.653,0.1,0.196,
20,尺寸表(m=0.50~1.25),p20,0.50,15,28,,13.8,0.800,14,13.156,1.077,1.208,0.150,0.264,13.653,0.1,0.188,
20,尺寸表(m=0.50~1.25),p20,0.75,6,6,,4.2,0.800,4.50,4.229,1.615,1.580,0.225,0.396,3.980,0.1,0.324,cell:外花键齿根圆角半径(平齿根):merged_rows9..17; cell:外花键齿根圆角半径(圆齿根):merged_rows9..17; cell:外花键齿顶倒角高度:merged_rows9..17
20,尺寸表(m=0.50~1.25),p20,0.75,7,7,,5.2,0.967,5.25,4.933,1.706,1.677,0.225,0.396,4.980,0.1,0.327,row:x_nonstandard(0.967 vs base 0.8)
20,尺寸表(m=0.50~1.25),p20,0.75,8,9,,6.2,0.633,6.75,6.343,1.524,1.526,0.225,0.396,5.980,0.1,0.243,row:x_nonstandard(0.633 vs base 0.8)
20,尺寸表(m=0.50~1.25),p20,0.75,9,10,,7.2,0.800,7.50,7.048,1.615,1.623,0.225,0.396,6.980,0.1,0.253,
20,尺寸表(m=0.50~1.25),p20,0.75,10,11,,8.2,0.967,8.25,7.752,1.706,1.719,0.225,0.396,7.980,0.1,0.261,row:x_nonstandard(0.967 vs base 0.8)
20,尺寸表(m=0.50~1.25),p20,0.75,12,14,,10.2,0.800,10.50,9.867,1.615,1.665,0.225,0.396,9.980,0.1,0.224,
20,尺寸表(m=0.50~1.25),p20,0.75,15,18,,13.2,0.800,13.50,12.686,1.615,1.707,0.225,0.396,12.980,0.1,0.206,
20,尺寸表(m=0.50~1.25),p20,0.75,17,21,,15.2,0.633,15.75,14.800,1.524,1.652,0.225,0.396,14.980,0.1,0.191,row:x_nonstandard(0.633 vs base 0.8)
20,尺寸表(m=0.50~1.25),p20,0.75,20,25,,18.2,0.633,18.75,17.619,1.524,1.694,0.225,0.396,17.980,0.1,0.185,row:x_nonstandard(0.633 vs base 0.8)
20,尺寸表(m=0.50~1.25),p20,1.00,8,6,,5.6,0.800,6,5.638,2.153,2.107,0.300,0.528,5.306,0.1,0.324,cell:变位系数x:merged_rows18..27; cell:分度圆弧齿厚s:merged_rows18..27; cell:外花键齿根圆角半径(平齿根):merged_rows18..27; cell:外花键齿根圆角半径(圆齿根):merged_rows18..27; cell:外花键齿顶倒角高度:merged_rows18..27
20,尺寸表(m=0.50~1.25),p20,1.00,9,7,,6.6,0.800,7,6.578,2.153,2.121,0.300,0.528,6.306,0.1,0.298,
20,尺寸表(m=0.50~1.25),p20,1.00,10,8,,7.6,0.800,8,7.518,2.153,2.135,0.300,0.528,7.306,0.1,0.279,
20,尺寸表(m=0.50~1.25),p20,1.00,12,10,,9.6,0.800,10,9.397,2.153,2.163,0.300,0.528,9.306,0.1,0.253,
20,尺寸表(m=0.50~1.25),p20,1.00,15,13,,12.6,0.800,13,12.216,2.153,2.205,0.300,0.528,12.306,0.1,0.230,
20,尺寸表(m=0.50~1.25),p20,1.00,17,15,,14.6,0.800,15,14.095,2.153,2.233,0.300,0.528,14.306,0.1,0.219,
20,尺寸表(m=0.50~1.25),p20,1.00,20,18,,17.6,0.800,18,16.914,2.153,2.275,0.300,0.528,17.306,0.1,0.208,
20,尺寸表(m=0.50~1.25),p20,1.00,25,23,,22.6,0.800,23,21.613,2.153,2.345,0.300,0.528,22.306,0.1,0.196,
20,尺寸表(m=0.50~1.25),p20,1.00,30,28,,27.6,0.800,28,26.311,2.153,2.415,0.300,0.528,27.306,0.1,0.188,
20,尺寸表(m=0.50~1.25),p20,1.00,35,33,,32.6,0.800,33,31.010,2.153,2.485,0.300,0.528,32.306,0.1,0.183,
20,尺寸表(m=0.50~1.25),p20,1.25,10,6,,7,0.800,7.5,7.048,2.691,2.634,0.375,0.660,6.633,0.125,0.404,cell:外花键齿根圆角半径(平齿根):merged_rows28..38; cell:外花键齿根圆角半径(圆齿根):merged_rows28..38; cell:外花键齿顶倒角高度:merged_rows28..38
20,尺寸表(m=0.50~1.25),p20,1.25,12,8,,9,0.600,10.0,9.397,2.509,2.498,0.375,0.660,8.633,0.125,0.313,
20,尺寸表(m=0.50~1.25),p20,1.25,15,10,,12,0.800,12.5,11.746,2.691,2.704,0.375,0.660,11.633,0.125,0.316,
20,尺寸表(m=0.50~1.25),p20,1.25,17,12,,14,0.600,15.0,14.095,2.509,2.568,0.375,0.660,13.633,0.125,0.272,
20,尺寸表(m=0.50~1.25),p20,1.25,20,14,,17,0.800,17.5,16.445,2.691,2.774,0.375,0.660,16.633,0.125,0.280,cell:变位系数x:merged_rows32..38; cell:分度圆弧齿厚s:merged_rows32..38
20,尺寸表(m=0.50~1.25),p20,1.25,25,18,,22,0.800,22.5,21.143,2.691,2.844,0.375,0.660,21.633,0.125,0.260,
20,尺寸表(m=0.50~1.25),p20,1.25,30,22,,27,0.800,27.5,25.842,2.691,2.914,0.375,0.660,26.633,0.125,0.248,
20,尺寸表(m=0.50~1.25),p20,1.25,35,26,,32,0.800,32.5,30.540,2.691,2.984,0.375,0.660,31.633,0.125,0.239,
20,尺寸表(m=0.50~1.25),p20,1.25,40,30,,37,0.800,37.5,35.238,2.691,3.054,0.375,0.660,36.633,0.125,0.233,
20,尺寸表(m=0.50~1.25),p20,1.25,45,34,,42,0.800,42.5,39.937,2.691,3.124,0.375,0.660,41.633,0.125,0.228,
20,尺寸表(m=0.50~1.25),p20,1.25,50,38,,47,0.800,47.5,44.635,2.691,3.194,0.375,0.660,46.633,0.125,0.224,
21,尺寸表(m=1.667~3.75),p21,1.667,15,7,,11,0.800,11.667,10.963,3.589,3.536,0.500,0.880,10.510,0.167,0.496,cell:外花键齿根圆角半径(平齿根):merged_rows0..10; cell:外花键齿根圆角半径(圆齿根):merged_rows0..10; cell:外花键齿顶倒角高度:merged_rows0..10
21,尺寸表(m=1.667~3.75),p21,1.667,17,8,,13,0.900,13.333,12.529,3.710,3.673,0.500,0.880,12.510,0.167,0.489,row:x_nonstandard(0.9 vs base 0.8)
21,尺寸表(m=1.667~3.75),p21,1.667,20,10,,16,0.800,16.667,15.662,3.589,3.606,0.500,0.880,15.510,0.167,0.422,cell:变位系数x:merged_rows2..10; cell:分度圆弧齿厚s:merged_rows2..10
21,尺寸表(m=1.667~3.75),p21,1.667,25,13,,21,0.800,21.667,20.360,3.589,3.676,0.500,0.880,20.510,0.167,0.383,
21,尺寸表(m=1.667~3.75),p21,1.667,30,16,,26,0.800,26.667,25.058,3.589,3.746,0.500,0.880,25.510,0.167,0.358,
21,尺寸表(m=1.667~3.75),p21,1.667,35,19,,31,0.800,31.667,29.757,3.589,3.816,0.500,0.880,30.510,0.167,0.342,row:d!=m*z(31.667 vs 31.67)
21,尺寸表(m=1.667~3.75),p21,1.667,40,22,,36,0.800,36.667,34.455,3.589,3.886,0.500,0.880,35.510,0.167,0.330,row:d!=m*z(36.667 vs 36.67)
21,尺寸表(m=1.667~3.75),p21,1.667,45,25,,41,0.800,4.667,39.154,3.589,3.956,0.500,0.880,40.510,0.167,0.321,cell:分度圆直径d:recheck_cands(4.667 -> 41.667); row:d!=m*z(4.667 vs 41.68); row:dB!=d*cos20(39.154 vs 4.386); row:A!=d+2xm+0.4m(45.0 vs 8.001)
21,尺寸表(m=1.667~3.75),p21,1.667,50,28,,46,0.800,46.667,43.852,3.589,4.026,0.500,0.880,45.510,0.167,0.314,row:d!=m*z(46.667 vs 46.68)
21,尺寸表(m=1.667~3.75),p21,1.667,55,31,,51,0.800,51.667,48.551,3.589,4.096,0.500,0.880,50.510,0.167,0.308,row:d!=m*z(51.667 vs 51.68)
21,尺寸表(m=1.667~3.75),p21,1.667,60,34,,56,0.800,56.667,53.249,3.589,4.166,0.500,0.880,55.510,0.167,0.304,row:d!=m*z(56.667 vs 56.68)
21,尺寸表(m=1.667~3.75),p21,2.50,20,6,,15,0.800,15,14.095,5.383,5.628,0.750,1.320,13.265,0.250,0.809,cell:变位系数x:merged_rows11..27; cell:分度圆弧齿厚s:merged_rows11..27; cell:外花键齿根圆角半径(平齿根):merged_rows11..27; cell:外花键齿根圆角半径(圆齿根):merged_rows11..27; cell:外花键齿顶倒角高度:merged_rows11..27; row:c4!=A-2.4m(15.0 vs 14); row:sB!=expected(5.628 vs 5.268)
21,尺寸表(m=1.667~3.75),p21,2.50,25,8,,19,0.800,20,18.794,5.383,5.338,0.750,1.320,18.265,0.250,0.697,
21,尺寸表(m=1.667~3.75),p21,2.50,30,10,,24,0.800,25,23.492,5.383,5.408,0.750,1.320,23.265,0.250,0.632,
21,尺寸表(m=1.667~3.75),p21,2.50,35,12,,29,0.800,30,28.191,5.383,5.478,0.750,1.320,28.265,0.250,0.590,
21,尺寸表(m=1.667~3.75),p21,2.50,40,14,,34,0.800,35,32.889,5.383,5.548,0.750,1.320,33.265,0.250,0.560,
21,尺寸表(m=1.667~3.75),p21,2.50,45,16,,39,0.800,40,37.585,5.383,5.618,0.750,1.320,38.265,0.250,0.538,
21,尺寸表(m=1.667~3.75),p21,2.50,50,18,,44,0.800,45,42.286,5.383,5.688,0.750,1.320,43.265,0.250,0.520,
21,尺寸表(m=1.667~3.75),p21,2.50,55,20,,49,0.800,50,46.985,5.383,5.758,0.750,1.320,48.265,0.250,0.507,
21,尺寸表(m=1.667~3.75),p21,2.50,60,22,,54,0.800,55,51.685,5.383,5.828,0.750,1.320,53.265,0.250,0.496,
21,尺寸表(m=1.667~3.75),p21,2.50,65,24,,59,0.800,60,56.382,5.383,5.899,0.750,1.320,58.265,0.250,0.486,
21,尺寸表(m=1.667~3.75),p21,2.50,70,26,,64,0.800,65,61.080,5.383,5.969,0.750,1.320,63.265,0.250,0.478,
21,尺寸表(m=1.667~3.75),p21,2.50,75,28,,69,0.800,70,65.778,5.383,6.039,0.750,1.320,68.265,0.250,0.471,
21,尺寸表(m=1.667~3.75),p21,2.50,80,30,,74,0.800,75,70.477,5.383,6.109,0.750,1.320,73.265,0.250,0.465,
21,尺寸表(m=1.667~3.75),p21,2.50,85,32,,79,0.800,80,75.175,5.383,6.179,0.750,1.320,78.265,0.250,0.460,
21,尺寸表(m=1.667~3.75),p21,2.50,90,34,,84,0.800,85,79.874,5.383,6.249,0.750,1.320,83.265,0.250,0.455,
21,尺寸表(m=1.667~3.75),p21,2.50,95,36,,89,0.800,90,84.572,5.383,6.319,0.750,1.320,88.265,0.250,0.451,
21,尺寸表(m=1.667~3.75),p21,2.50,100,38,,94,0.800,95,85.271,5.383,6.389,0.750,1.320,93.265,0.250,0.445,row:dB!=d*cos20(85.271 vs 89.27)
21,尺寸表(m=1.667~3.75),p21,3.75,30,6,,21,0.800,22.50,21.143,8.074,7.902,1.125,1.980,19.898,0.375,1.213,cell:外花键齿根圆角半径(平齿根):merged_rows28..48; cell:外花键齿根圆角半径(圆齿根):merged_rows28..48; cell:外花键齿顶倒角高度:merged_rows28..48
21,尺寸表(m=1.667~3.75),p21,3.75,35,7,,26,0.967,26.25,24.667,8.530,8.383,1.125,1.980,24.898,0.375,1.225,row:x_nonstandard(0.967 vs base 0.8)
21,尺寸表(m=1.667~3.75),p21,3.75,40,9,,31,0.633,33.75,31.715,7.618,7.632,1.125,1.980,29.898,0.375,0.912,row:x_nonstandard(0.633 vs base 0.8)
21,尺寸表(m=1.667~3.75),p21,3.75,45,10,,36,0.800,37.50,35.238,8.074,8.113,1.125,1.980,34.898,0.375,0.949,
21,尺寸表(m=1.667~3.75),p21,3.75,50,11,,41,0.967,41.25,38.762,8.530,8.593,1.125,1.980,39.898,0.375,0.978,row:x_nonstandard(0.967 vs base 0.8)
21,尺寸表(m=1.667~3.75),p21,3.75,55,13,,46,0.633,48.75,45.810,7.618,7.842,1.125,1.980,44.898,0.375,0.807,row:x_nonstandard(0.633 vs base 0.8)
21,尺寸表(m=1.667~3.75),p21,3.75,60,14,,51,0.800,52.50,49.334,8.074,8.323,1.125,1.980,49.898,0.375,0.840,
21,尺寸表(m=1.667~3.75),p21,3.75,65,15,,56,0.967,56.25,52.858,8.530,8.804,1.125,1.980,54.898,0.375,0.869,row:x_nonstandard(0.967 vs base 0.8)
21,尺寸表(m=1.667~3.75),p21,3.75,70,17,,61,0.633,63.75,59.905,7.618,8.052,1.125,1.980,59.898,0.375,0.752,row:x_nonstandard(0.633 vs base 0.8)
21,尺寸表(m=1.667~3.75),p21,3.75,75,18,,66,0.800,67.50,63.429,8.074,8.533,1.125,1.980,64.898,0.375,0.781,
21,尺寸表(m=1.667~3.75),p21,3.75,80,19,,71,0.967,7.25,66.953,8.530,9.014,1.125,1.980,69.898,0.375,0.806,cell:分度圆直径d:recheck_cands(7.25 -> 71.25); row:d!=m*z(7.25 vs 71.25); row:dB!=d*cos20(66.953 vs 6.813); row:A!=d+2xm+0.4m(80.0 vs 16); row:x_nonstandard(0.967 vs base 0.8)
21,尺寸表(m=1.667~3.75),p21,3.75,85,21,,76,0.633,78.75,74.001,7.618,8.262,1.125,1.980,74.898,0.375,0.718,row:x_nonstandard(0.633 vs base 0.8)
21,尺寸表(m=1.667~3.75),p21,3.75,90,22,,81,0.800,82.50,77.525,8.074,8.743,1.125,1.980,79.898,0.375,0.743,
21,尺寸表(m=1.667~3.75),p21,3.75,95,23,,86,0.967,86.25,81.048,8.530,9.224,1.125,1.980,84.898,0.375,0.766,row:x_nonstandard(0.967 vs base 0.8)
21,尺寸表(m=1.667~3.75),p21,3.75,100,25,,91,0.633,93.75,88.096,7.618,8.472,1.125,1.980,89.898,0.375,0.695,row:x_nonstandard(0.633 vs base 0.8)
21,尺寸表(m=1.667~3.75),p21,3.75,105,26,,96,0.800,97.50,91.620,8.074,8.953,1.125,1.980,94.898,0.375,0.717,
21,尺寸表(m=1.667~3.75),p21,3.75,110,27,,101,0.967,101.25,95.144,8.530,9.434,1.125,1.980,99.898,0.375,0.737,row:x_nonstandard(0.967 vs base 0.8)
21,尺寸表(m=1.667~3.75),p21,3.75,120,30,,111,0.800,112.50,105.715,8.074,9.163,1.125,1.980,109.898,0.375,0.698,
21,尺寸表(m=1.667~3.75),p21,3.75,130,33,,121,0.967,23.75,116.287877,8.530,8.892,1.125,1.980,119.898,0.375,0.665,"cell:分度圆直径d:recheck_cands(23.75 -> 123.75,23.75); cell:基圆直径dB:recheck_cands(116.287877 -> 116287877,116.287877); row:d!=m*z(23.75 vs 123.8); row:dB!=d*cos20(116.287877 vs 22.32); row:A!=d+2xm+0.4m(130.0 vs 32.5); row:sB!=expected(8.892 vs 9.749); row:x_nonstandard(0.967 vs base 0.8)"
21,尺寸表(m=1.667~3.75),p21,3.75,140,35,,131,0.633,131.25,123.335,7.618,9.854,1.125,1.980,129.898,0.375,0.700,row:A!=d+2xm+0.4m(140.0 vs 137.5); row:sB!=expected(9.854 vs 8.997); row:x_nonstandard(0.633 vs base 0.8)
21,尺寸表(m=1.667~3.75),p21,3.75,150,38,,141,0.800,142.50,133.906,8.074,9.583,1.125,1.980,139.898,0.375,0.671,
22,尺寸表(m=5.00~10.00),p22,5.00,40,6,,28,0.800,30,28.191,10.766,10.537,1.500,2.640,26.530,0.500,1.618,cell:变位系数x:merged_rows0..23; cell:分度圆弧齿厚s:merged_rows0..23; cell:外花键齿根圆角半径(平齿根):merged_rows0..23; cell:外花键齿根圆角半径(圆齿根):merged_rows0..23; cell:外花键齿顶倒角高度:merged_rows0..23
22,尺寸表(m=5.00~10.00),p22,5.00,45,7,,33,0.800,35,32.889,10.766,10.607,1.500,2.640,31.530,0.500,1.488,
22,尺寸表(m=5.00~10.00),p22,5.00,50,8,,38,0.800,40,37.588,10.766,10.677,1.500,2.640,36.530,0.500,1.395,
22,尺寸表(m=5.00~10.00),p22,5.00,55,9,,43,0.800,45,42.286,10.766,10.747,1.500,2.640,41.530,0.500,1.322,
22,尺寸表(m=5.00~10.00),p22,5.00,60,10,,48,0.800,50,46.985,10.766,10.817,1.500,2.640,46.530,0.500,1.265,
22,尺寸表(m=5.00~10.00),p22,5.00,65,11,,53,0.800,55,51.683,10.766,10.887,1.500,2.640,51.530,0.500,1.219,
22,尺寸表(m=5.00~10.00),p22,5.00,70,12,,58,0.800,60,56.382,10.766,10.957,1.500,2.640,56.530,0.500,1.180,
22,尺寸表(m=5.00~10.00),p22,5.00,75,13,,63,0.800,65,61.080,10.766,11.027,1.500,2.640,61.530,0.500,1.148,
22,尺寸表(m=5.00~10.00),p22,5.00,80,14,,68,0.800,70,65.778,10.766,11.097,1.500,2.640,66.530,0.500,1.120,
22,尺寸表(m=5.00~10.00),p22,5.00,85,15,,73,0.800,75,70.477,10.766,11.167,1.500,2.640,71.530,0.500,1.096,
22,尺寸表(m=5.00~10.00),p22,5.00,90,16,,78,0.800,80,75.175,10.766,11.237,1.500,2.640,76.530,0.500,1.075,
22,尺寸表(m=5.00~10.00),p22,5.00,95,17,,83,0.800,85,79.874,10.766,11.307,1.500,2.640,81.530,0.500,1.057,
22,尺寸表(m=5.00~10.00),p22,5.00,100,18,,88,0.800,90,84.572,10.766,11.377,1.500,2.640,86.530,0.500,1.041,
22,尺寸表(m=5.00~10.00),p22,5.00,105,192,,93,0.800,95,89.271,10.766,11.447,1.500,2.640,91.530,0.500,1.026,"cell:分度圆直径d:recheck_cands(95 -> 95,05,98); row:d!=m*z(95.0 vs 960); row:sB!=expected(11.447 vs 23.56)"
22,尺寸表(m=5.00~10.00),p22,5.00,110,20,,98,0.800,00,93.969,10.766,1.517,1.500,2.640,96.530,0.500,1.013,"cell:公称直径A:recheck_cands(110 -> 10,110,0); cell:分度圆直径d:recheck_cands(00 -> 100); cell:基圆弧齿厚sB:recheck_cands(1.517 -> 11.57,11.517,1.517); row:d!=m*z(0.0 vs 100); row:A!=d+2xm+0.4m(110.0 vs 10); row:sB!=expected(1.517 vs 11.52)"
22,尺寸表(m=5.00~10.00),p22,5.00,120,22,,108,0.800,110,103.366,10.766,1.657,1.500,2.640,106.530,0.500,0.991,"cell:基圆弧齿厚sB:recheck_cands(1.657 -> 1.657,11.657); row:sB!=expected(1.657 vs 11.66)"
22,尺寸表(m=5.00~10.00),p22,5.00,130,24,,118,0.800,120,112.763,10.766,11.797,1.500,2.640,116.530,0.500,0.972,
22,尺寸表(m=5.00~10.00),p22,5.00,140,26,,128,0.800,130,122.160,10.766,11.937,1.500,2.640,126.530,0.500,0.956,
22,尺寸表(m=5.00~10.00),p22,5.00,150,28,,138,0.800,140,131.557,10.766,12.077,1.500,2.640,136.530,0.500,0.942,
22,尺寸表(m=5.00~10.00),p22,5.00,160,30,,148,0.800,150,140.954,10.766,12.217,1.500,2.640,146.530,0.500,0.930,
22,尺寸表(m=5.00~10.00),p22,5.00,170,32,,158,0.800,160,150.351,10.766,12.357,1.500,2.640,156.530,0.500,0.920,
22,尺寸表(m=5.00~10.00),p22,5.00,180,34,,168,0.800,170,159.748,10.766,12.497,1.500,2.640,166.530,0.500,0.911,
22,尺寸表(m=5.00~10.00),p22,5.00,190,36,,178,0.800,180,169.145,10.766,12.637,1.500,2.640,176.530,0.500,0.902,
22,尺寸表(m=5.00~10.00),p22,5.00,200,38,,188,0.800,190,178.542,10.766,12.778,1.500,2.640,186.530,0.500,0.895,
22,尺寸表(m=5.00~10.00),p22,7.50,110,13,,92,0.633,97.5,91.620,15.237,15.684,2.250,3.960,89.795,,1.614,cell:外花键齿根圆角半径(平齿根):merged_rows24..38; cell:外花键齿根圆角半径(圆齿根):merged_rows24..38; cell:外花键齿顶倒角高度:empty; row:x_nonstandard(0.633 vs base 0.8)
22,尺寸表(m=5.00~10.00),p22,7.50,120,14,,102,0.800,105.0,96.668,16.149,16.645,2.250,3.960,99.795,,1.680,cell:外花键齿顶倒角高度:empty; row:dB!=d*cos20(96.668 vs 98.67)
22,尺寸表(m=5.00~10.00),p22,7.50,130,15,,112,0.967,112.5,105.715,17.060,17.607,2.250,3.960,109.795,,1.738,cell:外花键齿顶倒角高度:empty; row:x_nonstandard(0.967 vs base 0.8)
22,尺寸表(m=5.00~10.00),p22,7.50,140,17,,122,0.633,127.5,119.811,15.237,16.104,2.250,3.960,119.795,,1.505,cell:外花键齿顶倒角高度:empty; row:x_nonstandard(0.633 vs base 0.8)
22,尺寸表(m=5.00~10.00),p22,7.50,150,18,,132,0.800,135.0,126.859,16.149,17.065,2.250,3.960,129.795,,1.561,cell:外花键齿顶倒角高度:empty
22,尺寸表(m=5.00~10.00),p22,7.50,160,19,,142,0.967,142.5,133.906,17.060,18.027,2.250,3.960,139.795,,1.613,cell:外花键齿顶倒角高度:empty; row:x_nonstandard(0.967 vs base 0.8)
22,尺寸表(m=5.00~10.00),p22,7.50,170,21,,152,0.633,157.5,148.002,15.237,16.524,2.250,3.960,149.795,,1.436,cell:外花键齿顶倒角高度:empty_merged; cell:外花键齿顶倒角高度:merged_rows30..38; row:x_nonstandard(0.633 vs base 0.8)
22,尺寸表(m=5.00~10.00),p22,7.50,180,22,,162,0.800,165.0,155.049,16.149,17.486,2.250,3.960,159.795,,1.487,
22,尺寸表(m=5.00~10.00),p22,7.50,190,23,,172,0.967,172.5,162.097,17.060,18.447,2.250,3.960,169.795,,1.531,row:x_nonstandard(0.967 vs base 0.8)
22,尺寸表(m=5.00~10.00),p22,7.50,200,25,,182,0.633,187.5,176.192,15.237,16.944,2.250,3.960,179.795,,1.390,row:x_nonstandard(0.633 vs base 0.8)
22,尺寸表(m=5.00~10.00),p22,7.50,220,27,,202,0.967,202.5,190.288,17.060,18.868,2.250,3.960,199.795,,1.475,row:x_nonstandard(0.967 vs base 0.8)
22,尺寸表(m=5.00~10.00),p22,7.50,240,30,,222,0.633,225.0,211.431,16.149,18.326,2.250,3.960,219.795,,1.395,row:A!=d+2xm+0.4m(240.0 vs 237.5); row:s!=m(pi/2+2x*tan20)(16.149 vs 15.24); row:sB!=expected(18.326 vs 17.47); row:x_nonstandard(0.633 vs base 0.8)
22,尺寸表(m=5.00~10.00),p22,7.50,260,33,,242,0.800,247.5,232.574,15.237,17.784,2.250,3.960,239.795,,1.331,row:A!=d+2xm+0.4m(260.0 vs 262.5); row:s!=m(pi/2+2x*tan20)(15.237 vs 16.15); row:sB!=expected(17.784 vs 18.64)
22,尺寸表(m=5.00~10.00),p22,7.50,280,35,,262,0.967,262.5,246.669,17.060,19.708,2.250,3.960,259.795,,1.400,row:x_nonstandard(0.967 vs base 0.8)
22,尺寸表(m=5.00~10.00),p22,7.50,300,38,,282,0.800,285.0,267.812,16.149,19.166,2.250,3.960,279.795,,1.343,
22,尺寸表(m=5.00~10.00),p22,10.00,140,12,,116,0.800,120,112.763,21.531,21.914,3.000,5.280,113.060,1.000,2.361,cell:变位系数x:merged_rows39..55; cell:分度圆弧齿厚s:merged_rows39..55; cell:外花键齿根圆角半径(平齿根):merged_rows39..55; cell:外花键齿根圆角半径(圆齿根):merged_rows39..55; cell:外花键齿顶倒角高度:merged_rows39..55
22,尺寸表(m=5.00~10.00),p22,10.00,150,13,,126,0.800,130,122.160,21.531,22.054,3.000,5.280,123.060,1.000,2.296,
22,尺寸表(m=5.00~10.00),p22,10.00,160,14,,136,0.800,40,131.557,21.531,22.94,3.000,5.280,83.060,1.000,2.240,"cell:分度圆直径d:recheck_cands(40 -> 40,140); cell:基圆直径dB:recheck_cands(131.557 -> 131.557,81.557); cell:基圆弧齿厚sB:recheck_cands(22.94 -> 22.194); cell:齿根圆直径(圆齿根):recheck_cands(83.060 -> 133.060); row:d!=m*z(40.0 vs 140); row:dB!=d*cos20(131.557 vs 37.59); row:A!=d+2xm+0.4m(160.0 vs 60); row:c12!=A-2.694m(83.06 vs 133.1); row:sB!=expected(22.94 vs 22.19)"
22,尺寸表(m=5.00~10.00),p22,10.00,170,15,,146,0.800,150,140.954,21.531,22.334,3.000,5.280,143.060,1.000,2.192,
22,尺寸表(m=5.00~10.00),p22,10.00,180,16,,156,0.800,160,150.351,21.531,22.474,3.000,5.280,153.060,1.000,2.151,
22,尺寸表(m=5.00~10.00),p22,10.00,190,17,,176,0.800,170,159.748,21.531,22.614,3.000,5.280,163.060,1.000,2.114,row:c4!=A-2.4m(176.0 vs 166)
22,尺寸表(m=5.00~10.00),p22,10.00,200,18,,186,0.800,180,169.145,21.531,22.754,3.000,5.280,173.060,1.000,2.082,row:c4!=A-2.4m(186.0 vs 176)
22,尺寸表(m=5.00~10.00),p22,10.00,220,20,,196,0.800,200,187.939,21.531,23.034,3.000,5.280,193.060,1.000,2.027,
22,尺寸表(m=5.00~10.00),p22,10.00,240,22,,216,0.800,220,206.732,21.531,23.314,3.000,5.280,213.060,1.000,1.982,
22,尺寸表(m=5.00~10.00),p22,10.00,260,24,,236,0.800,240,225.526,21.531,23.594,3.000,5.280,233.060,1.000,1.943,
22,尺寸表(m=5.00~10.00),p22,10.00,280,26,,256,0.800,260,244.320,21.531,23.874,3.000,5.280,253.060,1.000,1.911,
22,尺寸表(m=5.00~10.00),p22,10.00,300,28,,276,0.800,280,263.114,21.531,24.155,3.000,5.280,273.060,1.000,1.885,
22,尺寸表(m=5.00~10.00),p22,10.00,320,30,,296,0.800,300,281.908,21.531,24.435,3.000,5.280,293.060,1.000,1.860,
22,尺寸表(m=5.00~10.00),p22,10.00,340,32,,316,0.800,320,300.702,21.531,24.715,3.000,5.280,313.060,1.000,1.840,
22,尺寸表(m=5.00~10.00),p22,10.00,360,34,,336,0.800,340,319.495,21.531,24.995,3.000,5.280,333.060,1.000,1.821,
22,尺寸表(m=5.00~10.00),p22,10.00,380,36,,356,0.800,360,338.289,21.531,25.275,3.000,5.280,353.060,1.000,1.804,
22,尺寸表(m=5.00~10.00),p22,10.00,400,38,,376,0.800,380,357.083,21.531,25.555,3.000,5.280,373.060,1.000,1.791,
